{
  "date": "20170928",
  "stories": [
    {
      "images": [
        "https://pic2.zhimg.com/v2-6707daba106f3c4286ea497d6e9b9759.jpg"
      ],
      "type": 0,
      "id": 9636088,
      "ga_prefix": "092821",
      "title": "这可能是丁丁出现次数最多的美剧"
    },
    {
      "images": [
        "https://pic1.zhimg.com/v2-629d7c83a17d14f9117f9b3d019e3774.jpg"
      ],
      "type": 0,
      "id": 9635776,
      "ga_prefix": "092819",
      "title": "吸尘器制造商戴森要在 2020 年推出电动汽车，这是 70 岁发明家的野心"
    },
    {
      "images": [
        "https://pic1.zhimg.com/v2-9da6b92b559f12ae55fd85c7c6c518c4.jpg"
      ],
      "type": 0,
      "id": 9636025,
      "ga_prefix": "092818",
      "title": "又看见两个大家伙合体，18 亿光年外一群地球人兴奋地笑了"
    },
    {
      "images": [
        "https://pic4.zhimg.com/v2-b7f47c0463c9727b4465a72ab16f0013.jpg"
      ],
      "type": 0,
      "id": 9546061,
      "ga_prefix": "092818",
      "title": "拒绝什么也不能拒绝又焦又嫩，自带诱人气息的蒜香烤翅"
    },
    {
      "images": [
        "https://pic4.zhimg.com/v2-488156d19092e70950dc7eb197610aef.jpg"
      ],
      "type": 0,
      "id": 9635848,
      "ga_prefix": "092817",
      "title": "阿里巴巴被指控抄袭某创业团队 app， 这其中有一点最关键"
    },
    {
      "images": [
        "https://pic1.zhimg.com/v2-bdc8e952c9d98f1cefd05f3c378b7db8.jpg"
      ],
      "type": 0,
      "id": 9632475,
      "ga_prefix": "092816",
      "title": "为什么印度电影总是一言不合就跳舞？"
    },
    {
      "images": [
        "https://pic2.zhimg.com/v2-2ee19eb8b016b014c4bd5c17cdcdd899.jpg"
      ],
      "type": 0,
      "id": 9635441,
      "ga_prefix": "092815",
      "title": "他是莫言的同学、冯小刚的编剧，却直言自己是个失败者"
    },
    {
      "images": [
        "https://pic1.zhimg.com/v2-d75eb08388013b24b445afcbe04b7be8.jpg"
      ],
      "type": 0,
      "id": 9631132,
      "ga_prefix": "092814",
      "title": "为什么上海的公交站很多都是「路 + 路」这样的命名？"
    },
    {
      "images": [
        "https://pic4.zhimg.com/v2-2f9a3cf5777ac785a611efe2c8b379c7.jpg"
      ],
      "type": 0,
      "id": 9635419,
      "ga_prefix": "092813",
      "title": "看不惯滴滴和 ofo 秀恩爱，摩拜也要让你坐在网约车里笑"
    },
    {
      "images": [
        "https://pic4.zhimg.com/v2-676e3bceadb76923ef3f2e241834f27b.jpg"
      ],
      "type": 0,
      "id": 9633603,
      "ga_prefix": "092812",
      "title": "大误 · 一个噩梦"
    },
    {
      "images": [
        "https://pic2.zhimg.com/v2-e604b07c11362d998f4db7bd570f7b9d.jpg"
      ],
      "type": 0,
      "id": 9635479,
      "ga_prefix": "092811",
      "title": "攒钱买房不会挑地段，我有一个简单粗暴的方法"
    },
    {
      "images": [
        "https://pic1.zhimg.com/v2-cf620e1dd524f16e4e2f0462c1b45040.jpg"
      ],
      "type": 0,
      "id": 9632858,
      "ga_prefix": "092810",
      "title": "不小心把脑袋切两半了……接下来会发生什么？"
    },
    {
      "images": [
        "https://pic1.zhimg.com/v2-8e018326303501756b29d9f8db32a778.jpg"
      ],
      "type": 0,
      "id": 9626396,
      "ga_prefix": "092809",
      "title": "不这样看，你都不知道中国在「科普」上还差了些什么"
    },
    {
      "images": [
        "https://pic3.zhimg.com/v2-a1f91944798f2f8faafaf7d1ed0728c2.jpg"
      ],
      "type": 0,
      "id": 9632442,
      "ga_prefix": "092808",
      "title": "恋爱是场「权力的游戏」，怎么打一辈子是个技术活"
    },
    {
      "images": [
        "https://pic3.zhimg.com/v2-64c0ce08ce813f0e0f02d24d925afc3e.jpg"
      ],
      "type": 0,
      "id": 9633958,
      "ga_prefix": "092807",
      "title": "实习期就开始讨好领导，是我不会来事，还是对方太虚伪？"
    },
    {
      "title": "国庆期间上映的电影，我已经为你们趟过雷了",
      "ga_prefix": "092807",
      "images": [
        "https://pic4.zhimg.com/v2-bab80bc99e1c726122bf2fc550aa519b.jpg"
      ],
      "multipic": true,
      "type": 0,
      "id": 9634038
    },
    {
      "images": [
        "https://pic3.zhimg.com/v2-838b2e4e7e349751d3a0dd3e02c0d3da.jpg"
      ],
      "type": 0,
      "id": 9633182,
      "ga_prefix": "092807",
      "title": "所有的「免费」，到头来才发现全是坑"
    },
    {
      "images": [
        "https://pic3.zhimg.com/v2-2deec8369fecc2253f5b773411ee374a.jpg"
      ],
      "type": 0,
      "id": 9633046,
      "ga_prefix": "092806",
      "title": "瞎扯 · 如何正确地吐槽"
    },
    {
      "images": [
        "https://pic3.zhimg.com/v2-99abc50a93a0d45a1d084c2db2bf3252.jpg"
      ],
      "type": 0,
      "id": 9635440,
      "ga_prefix": "092806",
      "title": "这里是广告 · 如何应对一部行走的「十万个为什么」？"
    }
  ],
  "top_stories": [
    {
      "image": "https://pic4.zhimg.com/v2-9aa865e2ff2711f534c96efa42b18d6f.jpg",
      "type": 0,
      "id": 9636025,
      "ga_prefix": "092818",
      "title": "又看见两个大家伙合体，18 亿光年外一群地球人兴奋地笑了"
    },
    {
      "image": "https://pic3.zhimg.com/v2-614107a2272793ca9eff2408d56c4d72.jpg",
      "type": 0,
      "id": 9635848,
      "ga_prefix": "092817",
      "title": "阿里巴巴被指控抄袭某创业团队 app， 这其中有一点最关键"
    },
    {
      "image": "https://pic3.zhimg.com/v2-0b0550c19361a0702de6735f1652a3ee.jpg",
      "type": 0,
      "id": 9635776,
      "ga_prefix": "092819",
      "title": "吸尘器制造商戴森要在 2020 年推出电动汽车，这是 70 岁发明家的野心"
    },
    {
      "image": "https://pic1.zhimg.com/v2-4035a071bada2917817e06a308ae88ac.jpg",
      "type": 0,
      "id": 9635441,
      "ga_prefix": "092815",
      "title": "他是莫言的同学、冯小刚的编剧，却直言自己是个失败者"
    },
    {
      "image": "https://pic4.zhimg.com/v2-b4a7d5cfedc3323db8c42066dfaaf64b.jpg",
      "type": 0,
      "id": 9632475,
      "ga_prefix": "092816",
      "title": "为什么印度电影总是一言不合就跳舞？"
    }
  ]
}